customer_id,tenure_months,monthly_spend,support_tickets,last_login_days,plan_type,churn_probability,churned
SYN-1803258,24,15.09,1,46,Basic,0.494,0
SYN-7965603,19,8.15,3,33,Standard,0.458,0
SYN-6891143,12,27.32,0,0,Basic,0.176,0
SYN-4949905,34,21.9,4,12,Basic,0.232,0
SYN-4897136,10,18.26,1,27,Standard,0.341,0
SYN-8727380,14,11.7,0,10,Basic,0.309,0
SYN-1773510,28,11.85,2,30,Standard,0.293,0
SYN-7276311,21,10.67,4,24,Standard,0.39,0
SYN-2813225,3,7.52,2,37,Basic,0.711,1
SYN-1847596,13,8.43,4,42,Standard,0.619,1
SYN-5738310,8,21.75,1,17,Basic,0.371,0
SYN-9780600,10,6.07,2,52,Standard,0.661,1
SYN-7621770,8,13.4,2,10,Premium,0.431,0
SYN-7850256,23,29.01,1,39,Basic,0.342,0
SYN-7457294,18,15.36,3,36,Standard,0.432,0
SYN-8074577,8,20.73,1,6,Basic,0.303,0
SYN-5619038,5,23.31,1,42,Standard,0.458,0
SYN-2153022,15,14.76,0,28,Premium,0.414,0
SYN-8557733,17,21.65,3,16,Premium,0.368,0
SYN-5053472,25,17.72,1,43,Basic,0.441,0
SYN-5503166,8,37.67,0,46,Standard,0.313,0
SYN-4337181,20,36.82,3,47,Basic,0.443,0
SYN-2642946,10,8.08,0,25,Standard,0.366,0
SYN-9340883,8,18.75,0,2,Basic,0.259,0
SYN-8034106,4,15.25,0,10,Standard,0.266,0
SYN-6794785,29,26.77,0,32,Basic,0.235,0
SYN-4621728,28,17.1,2,13,Premium,0.257,0
SYN-8404853,3,5.14,0,40,Premium,0.688,1
SYN-5908861,29,14.63,2,45,Standard,0.367,0
SYN-4990727,12,21.52,4,41,Basic,0.633,1
SYN-5054135,4,23.5,4,15,Basic,0.495,0
SYN-3045148,22,26.38,1,44,Basic,0.407,0
SYN-1829223,27,10.34,2,14,Standard,0.216,0
SYN-5991262,31,16.05,3,26,Standard,0.25,0
SYN-8991007,27,8.11,2,9,Basic,0.29,0
SYN-1574355,2,15.44,1,53,Standard,0.632,1
SYN-8724620,1,16.31,3,49,Standard,0.677,1
SYN-8448679,24,9.14,2,17,Basic,0.362,0
SYN-3490836,15,33.98,1,12,Standard,0.139,0
SYN-6684978,4,34.7,1,29,Standard,0.288,0
SYN-2487061,9,20.36,1,55,Premium,0.666,1
SYN-7822788,13,13.87,0,16,Standard,0.245,0
SYN-7304705,14,13.36,1,22,Premium,0.428,0
SYN-4190733,25,19.61,4,45,Basic,0.559,1
SYN-1611279,34,11.24,1,58,Basic,0.524,1
SYN-9736281,19,23.68,1,53,Standard,0.408,0
SYN-5011186,23,15.37,1,13,Standard,0.184,0
SYN-9038089,17,10.8,2,49,Standard,0.539,1
SYN-7101270,12,34.55,1,28,Standard,0.226,0
SYN-8005450,32,34.83,2,13,Standard,0.091,0
SYN-7839094,5,35.75,3,35,Standard,0.384,0
SYN-2751748,11,20.95,0,5,Basic,0.241,0
SYN-4275153,23,23.35,3,28,Basic,0.379,0
SYN-5200488,3,14.97,4,53,Basic,0.813,1
SYN-5480123,20,5.62,0,25,Premium,0.418,0
SYN-1394233,4,22.19,1,59,Standard,0.606,1
SYN-5919124,2,17.33,0,41,Standard,0.487,0
SYN-2388605,2,33.12,0,16,Basic,0.297,0
SYN-7690382,5,7.37,0,24,Standard,0.409,0
SYN-7147439,34,8.32,1,2,Basic,0.177,0
SYN-9302749,21,8.31,1,26,Basic,0.424,0
SYN-7702858,25,7.73,1,43,Premium,0.531,1
SYN-4299783,5,14.82,1,34,Basic,0.583,1
SYN-9707586,3,20.67,1,51,Standard,0.567,1
SYN-4697652,6,17.61,0,56,Basic,0.674,1
SYN-3932427,4,21.33,1,27,Standard,0.37,0
SYN-9149820,24,17.53,5,33,Basic,0.533,1
SYN-4334136,5,9.37,1,18,Standard,0.387,0
SYN-1687088,27,38.74,1,14,Standard,0.085,0
SYN-5226001,9,19.78,2,21,Premium,0.455,0
SYN-8161118,13,22.86,1,55,Standard,0.486,0
SYN-2705242,10,26.53,2,44,Standard,0.439,0
SYN-5166464,30,32.26,3,49,Premium,0.411,0
SYN-2169293,15,14.41,1,13,Standard,0.24,0
SYN-7178303,28,21.11,0,59,Standard,0.354,0
SYN-5281343,3,16.05,1,55,Standard,0.633,1
SYN-3971766,3,29.29,1,53,Standard,0.513,1
SYN-3042183,13,35.15,3,43,Premium,0.501,1
SYN-6080498,26,16.18,2,35,Standard,0.312,0
SYN-7028325,17,24.24,0,20,Basic,0.266,0
SYN-9462753,31,10.15,0,41,Basic,0.392,0
SYN-4934366,32,24.72,1,52,Basic,0.389,0
SYN-2446193,35,13.14,2,44,Standard,0.32,0
SYN-8494102,21,30.95,1,55,Basic,0.463,0
SYN-6667878,12,36.54,3,4,Standard,0.152,0
SYN-7302385,20,20.91,2,42,Standard,0.377,0
SYN-1875039,5,16.77,1,50,Standard,0.572,1
SYN-3811299,33,20.54,0,30,Premium,0.24,0
SYN-7910594,29,19.15,4,20,Standard,0.241,0
SYN-8490337,19,17.26,2,47,Standard,0.452,0
SYN-4916949,23,21.52,2,46,Basic,0.491,0
SYN-8242878,35,26.72,1,59,Premium,0.407,0
SYN-8575225,11,18.97,1,52,Premium,0.638,1
SYN-4487305,22,11.62,2,3,Standard,0.185,0
SYN-9082787,1,26.32,1,43,Standard,0.479,0
SYN-3594952,27,25.66,1,19,Standard,0.143,0
SYN-3156019,2,5.74,0,41,Premium,0.699,1
SYN-7142458,27,14.54,3,9,Premium,0.288,0
SYN-6730855,4,12.56,0,50,Basic,0.686,1
SYN-2257772,12,39.99,2,40,Standard,0.293,0
SYN-8494629,32,13.26,0,8,Premium,0.174,0
SYN-2799173,29,22.35,0,47,Standard,0.259,0
SYN-8244091,28,18.89,1,27,Basic,0.292,0
SYN-1066260,32,7.25,1,1,Basic,0.188,0
SYN-8171582,26,5.02,1,12,Standard,0.215,0
SYN-8082318,20,18.28,0,42,Standard,0.324,0
SYN-8023278,26,22.72,0,19,Standard,0.14,0
SYN-6983657,14,7.36,2,38,Standard,0.511,1
SYN-5244103,13,6.56,1,10,Standard,0.286,0
SYN-7346487,9,12.57,2,33,Basic,0.595,1
SYN-3494094,30,19.09,3,42,Standard,0.34,0
SYN-8026560,24,16.93,1,14,Standard,0.175,0
SYN-6000822,33,20.79,1,0,Standard,0.08,0
SYN-5130241,10,16.12,3,39,Standard,0.525,1
SYN-5550455,7,12.21,1,37,Basic,0.608,1
SYN-6118670,3,14.06,2,56,Premium,0.788,1
SYN-1335360,27,30.94,1,48,Premium,0.365,0
SYN-2258172,8,19.89,0,39,Standard,0.396,0
SYN-3209330,26,18.18,1,28,Basic,0.32,0
SYN-2030770,33,13.97,1,9,Premium,0.193,0
SYN-4956521,1,11.85,3,27,Standard,0.552,1
SYN-7015625,30,6.66,1,30,Basic,0.385,0
SYN-6889859,30,19.62,0,25,Standard,0.157,0
SYN-5239865,20,15.71,3,9,Premium,0.337,0
SYN-8695719,18,13.81,0,19,Premium,0.33,0
SYN-6087124,26,21.93,1,9,Basic,0.188,0
SYN-1712776,24,24.09,0,30,Premium,0.283,0
SYN-7884988,21,16.52,0,46,Standard,0.357,0
SYN-6171405,29,13.79,2,31,Basic,0.384,0
SYN-6712464,35,6.86,1,24,Standard,0.21,0
SYN-6088359,7,16.28,0,38,Premium,0.554,1
SYN-5982214,21,32.65,0,18,Basic,0.182,0
SYN-1815097,29,12.77,2,29,Basic,0.377,0
SYN-6032863,34,38.4,3,7,Standard,0.074,0
SYN-8154212,24,23.5,1,19,Basic,0.244,0
SYN-3735550,1,16.74,2,56,Premium,0.786,1
SYN-6425543,32,6.03,2,17,Premium,0.325,0
SYN-1277360,14,23.67,1,24,Standard,0.254,0
SYN-4127492,26,23.08,1,24,Premium,0.269,0
SYN-4930456,11,21.61,1,56,Premium,0.647,1
SYN-9844644,25,14.0,3,17,Standard,0.253,0
SYN-2931261,23,34.69,0,46,Standard,0.221,0
SYN-3488934,29,15.3,1,41,Premium,0.417,0
SYN-4676757,13,24.39,2,9,Basic,0.291,0
SYN-9933989,22,18.86,1,50,Basic,0.514,1
SYN-8680626,12,19.19,0,19,Standard,0.237,0
SYN-1312236,30,23.51,1,37,Standard,0.218,0
SYN-3105455,32,13.79,4,47,Standard,0.437,0
SYN-8395069,28,14.68,0,31,Standard,0.221,0
SYN-1524724,21,13.65,0,53,Standard,0.43,0
SYN-8701036,26,9.62,5,43,Basic,0.65,1
SYN-3532454,19,10.1,0,2,Premium,0.241,0
SYN-9258868,28,35.44,0,54,Premium,0.33,0
SYN-3642343,26,33.44,1,25,Standard,0.139,0
SYN-4908850,8,38.0,1,32,Premium,0.364,0
SYN-6957247,18,23.66,0,0,Standard,0.106,0
SYN-2136526,11,23.02,2,5,Standard,0.202,0
SYN-6013288,15,12.48,2,0,Premium,0.306,0
SYN-5545138,26,5.02,0,39,Standard,0.349,0
SYN-8055083,21,25.97,1,33,Premium,0.348,0
SYN-9964961,13,23.87,1,52,Standard,0.454,0
SYN-6978821,8,14.66,1,9,Standard,0.265,0
SYN-4682677,5,9.81,1,50,Basic,0.73,1
SYN-4657481,26,19.17,3,28,Basic,0.385,0
SYN-4761628,32,19.38,1,50,Basic,0.415,0
SYN-8326182,7,37.24,3,16,Standard,0.234,0
SYN-3890941,1,28.1,0,11,Standard,0.216,0
SYN-2502756,13,32.98,2,32,Basic,0.387,0
SYN-4008622,15,7.57,1,19,Premium,0.442,0
SYN-1204408,31,10.91,1,5,Standard,0.131,0
SYN-1955283,22,10.74,3,44,Standard,0.493,0
SYN-1810430,21,9.83,0,24,Basic,0.36,0
SYN-7943970,25,16.01,2,43,Standard,0.377,0
SYN-7501233,2,13.88,0,38,Basic,0.609,1
SYN-7270936,22,36.2,0,47,Premium,0.327,0
SYN-5156894,34,10.08,4,10,Basic,0.294,0
SYN-7453525,12,7.44,0,9,Basic,0.35,0
SYN-2451445,31,10.99,3,37,Basic,0.471,0
SYN-9105594,21,7.36,1,0,Basic,0.254,0
SYN-5509402,32,7.42,5,50,Basic,0.664,1
SYN-9442461,10,21.27,1,59,Basic,0.67,1
SYN-2370808,28,8.38,3,1,Premium,0.271,0
SYN-5475970,32,35.48,2,43,Basic,0.284,0
SYN-7266882,28,6.37,6,24,Basic,0.555,1
SYN-5460632,21,9.81,5,13,Standard,0.355,0
SYN-5015406,3,17.69,2,10,Basic,0.434,0
SYN-2495926,16,20.12,1,51,Premium,0.577,1
SYN-4429190,6,23.23,1,37,Standard,0.411,0
SYN-3148896,1,22.16,2,24,Premium,0.534,1
SYN-3713608,15,5.57,3,54,Basic,0.767,1
SYN-7153305,8,24.62,2,2,Basic,0.284,0
SYN-6672542,31,5.78,0,29,Basic,0.339,0
SYN-6464767,18,20.84,1,31,Premium,0.4,0
SYN-4256313,23,22.04,0,13,Basic,0.2,0
SYN-9637232,30,20.21,1,16,Standard,0.14,0
SYN-1788849,31,13.86,2,16,Premium,0.273,0
SYN-4083316,5,19.41,2,38,Standard,0.498,0
SYN-4050493,12,8.01,0,3,Premium,0.313,0
SYN-9657078,19,36.16,1,30,Standard,0.184,0
SYN-4296371,25,28.29,0,55,Basic,0.408,0
